{"organisation":"AU_Govt_ABS","name":"nrp_econ_aust_sa2","title":"SA2 National Regional Profile (NRP) - Economy 2009 - 2013","legal":{"copyrightYear":"2016","attributionYear":"2016","attribution":"{datasource.organisationTitle}, ({dataset.attributionYear}): {dataset.title}; accessed from AURIN Portal on {dateOfAccess}.","clickthrough":false,"licenceType":"Creative Commons Attribution 2.5 Australia (CC BY 2.5 AU)","copyrightNotice":"&copy; Commonwealth of Australia (Australian Bureau of Statistics) {dataset.copyrightYear}"},"referenceSystemIdentifier":"urn:x-ogc:def:crs:EPSG:4283","geoLevel":"sa2","key":"sa2_main11","keyRegex":null,"availability":null,"geomField":"the_geom","keyword":"census, regional profile, nrp, economy, businesses, business entries, business exits, industry, labour force, youth engagement, personal income, wage, salary, occupation, rent, mortgage, building approvals,","theme":null,"temporalExtent":null,"type":"dataset","_id":null,"bbox":null,"abstract":"The National Regional Profile (NRP) presents, for all Australia, a range of data for various types of small regions. Data are available for Local Government Areas, Statistical Areas Levels 2 and other larger geographies. The NRP is intended for users interested in the characteristics of regions and in comparing regions across Australia. Data are in time series, where available. Data sourced from: <a href='http://stat.abs.gov.au/' target=\"_blank\">http://stat.abs.gov.au/</a>. Refer to the source data for further information: <a href='http://www.abs.gov.au/AUSSTATS/abs@.nsf/exnote/1379.0.55.001' target=\"_blank\">http://www.abs.gov.au/AUSSTATS/abs@.nsf/exnote/1379.0.55.001</a>. For further information about these and related statistics, contact the National Information and Referral Services on 1300 135 070. Data current as of 29/06/2015.","selectedAttributes":[{"name":"year_","type":"java.lang.Integer","title":"Year","description":"Year.","stype":"ordinal","filterValue":2011,"isDimension":true,"valueRangeMin":2009,"valueRangeMax":2013,"valueRangeStep":1},{"name":"sa2_main11","type":"java.lang.String","title":"SA2 Code","description":"Statistical Area Level 2 (SA2) Code.","stype":"nominal","isDimension":false},{"name":"income_2","type":"java.lang.Integer","title":"ESTIMATES OF PERSONAL INCOME - Average Wage and salary income ($) (Number)","description":"INCOME_2: Estimates of Personal Income - Average wage and salary income ($). Year ended 30 June.","stype":"ratio","isDimension":false},{"name":"feature_code","type":"java.lang.String","title":"Code of Geographic feature","stype":"Nominal","description":"","isDimension":false},{"name":"feature_name","type":"java.lang.String","title":"Name of Geographic feature","stype":"Nominal","description":"","isDimension":false},{"name":"the_geom","type":"com.vividsolutions.jts.geom.MultiPolygon","title":"Geometry","stype":"Nominal","description":"","isDimension":false}],"filter":null}