{"organisation":"TUA_PHIDU","name":"sa2_healthriskfactors_modelledestimate","title":"SA2 Health Risk Factors - Modelled Estimate","legal":{"copyrightYear":"2014","attributionYear":"2014","attribution":"{datasource.organisationTitle}, ({dataset.attributionYear}): {dataset.title}; accessed from AURIN Portal on {dateOfAccess}.","clickthrough":false,"licenceType":"Creative Commons Attribution-NonCommercial-ShareAlike 3.0 Australia (CC BY-NC-SA 3.0 AU)","copyrightNotice":"&copy; {datasource.organisationTitle} {dataset.copyrightYear}"},"referenceSystemIdentifier":"urn:x-ogc:def:crs:EPSG:4283","geoLevel":"sa2","key":"area_code","keyRegex":null,"availability":null,"geomField":"the_geom","keyword":"alcohol, overweight, obese, risk factors, smoking, smokers, health, population,","theme":null,"temporalExtent":null,"type":"dataset","_id":null,"bbox":null,"abstract":"Modelled estimates of health risk factors: alcohol consumption, weight and smoking by SA2, 2011-13. SA2 data for these indicators are derived from Population Health Area (PHA) data. PHAs are comprised of one or more whole SA2s. A full listing of SA2s and what percentage of their corresponding PHA has been allocated to them can be found at the following link:  http://publichealth.gov.au/AURIN/phidu_PHA_to_SA2_concordance.xls","selectedAttributes":[{"name":"area_code","type":"java.lang.Integer","title":"Statistical Area Level 2 Code","description":"Statistical Area Level 2 code (2011)","stype":"nominal","isDimension":false},{"name":"area_name","type":"java.lang.String","title":"Statistical Area Level 2 Name","description":"Statistical Area Level 2 Name (2011)","stype":"nominal","isDimension":false},{"name":"alcohol_cons_1_no_3_11_7_13","type":"java.lang.Double","title":"Alcohol Consumption Persons Aged 18 Years and Over - Count","description":"Alcohol consumption at levels considered to be a high risk to health (modelled estimate), persons aged 18 years and over. Source: Compiled by PHIDU using predictions from the 2011-13 Australian Health Survey, ABS (unpublished), and ABS Estimated Resident Population, average of 30 June 2011 and 2012.http://publichealth.gov.au/AURIN/phidu_PHA_to_SA2_concordance.xls","stype":"ratio","isDimension":false},{"name":"feature_code","type":"java.lang.String","title":"Code of Geographic feature","stype":"Nominal","description":"","isDimension":false},{"name":"feature_name","type":"java.lang.String","title":"Name of Geographic feature","stype":"Nominal","description":"","isDimension":false},{"name":"the_geom","type":"com.vividsolutions.jts.geom.MultiPolygon","title":"Geometry","stype":"Nominal","description":"","isDimension":false}],"filter":null}